,id,progress,mode,fontsize,color,midHash,content,ctime,idStr,attr,date,time
0,1703923084295788544,440.0,1,25,16777215,ef631352,没有能力提供实质性帮助，美国的脸面也不允许，中国人民更不答应！,1730214660,1703923084295788544,1048592,2024-10-29,15:11:00
1,1703922979337417216,,1,25,16777215,ef631352,没有能力提供实质性帮助，美国的脸面也不允许，中国人民更不答应！,1730214647,1703922979337417216,1048592,2024-10-29,15:10:47
2,1704631871860410368,7336.0,1,25,16777215,2f72aeea,打人专打脸，哪壶不开就提哪壶,1730299154,1704631871860410368,1048576,2024-10-30,14:39:14
3,1704578731261035776,2606.0,1,25,16777215,19560908,两名美式木乃伊,1730292819,1704578731261035776,1048592,2024-10-30,12:53:39
4,1704545028694734080,7344.0,1,25,16777215,ee361f5,关键技术标准不一样啊，爱莫能助,1730288801,1704545028694734080,1048576,2024-10-30,11:46:41
5,1704487559231149312,8025.0,1,25,16777215,d2bd6f5a,《预祝》,1730281950,1704487559231149312,1048576,2024-10-30,09:52:30
6,1704310611669931776,6264.0,1,25,16777215,3ed0503d,十分关注你们到底能不能把他俩弄回来,1730260857,1704310611669931776,1048576,2024-10-30,04:00:57
7,1704259436799421440,4063.0,1,25,16777215,329c43af,哈哈哈,1730254756,1704259436799421440,1048576,2024-10-30,02:19:16
8,1704178760561537024,2105.0,1,25,16777215,f3633449,为啥不放完整版？,1730245139,1704178760561537024,1048576,2024-10-29,23:38:59
9,1703923084295788544,440.0,1,25,16777215,ef631352,没有能力提供实质性帮助，美国的脸面也不允许，中国人民更不答应！,1730214660,1703923084295788544,1048592,2024-10-29,15:11:00
10,1703922979337417216,,1,25,16777215,ef631352,没有能力提供实质性帮助，美国的脸面也不允许，中国人民更不答应！,1730214647,1703922979337417216,1048592,2024-10-29,15:10:47
11,1704903705717638144,5781.0,1,25,16777215,ad287d0d,笋～,1730331559,1704903705717638144,1048576,2024-10-30,23:39:19
12,1704893399062251008,959.0,1,25,16777215,7c52a0dc,小马哥说让他们两年后登陆火星，不着急下来,1730330330,1704893399062251008,1048576,2024-10-30,23:18:50
13,1704774123492324096,5422.0,1,25,16777215,c6046a90,脸都憋紫了,1730316112,1704774123492324096,1048576,2024-10-30,19:21:52
14,1704754239412165376,992.0,1,25,16707842,6ea2ee07,没事，都算加班，还有3倍的加班费拿,1730313741,1704754239412165376,1048576,2024-10-30,18:42:21
15,1704631871860410368,7336.0,1,25,16777215,2f72aeea,打人专打脸，哪壶不开就提哪壶,1730299154,1704631871860410368,1048576,2024-10-30,14:39:14
16,1704578731261035776,2606.0,1,25,16777215,19560908,两名美式木乃伊,1730292819,1704578731261035776,1048592,2024-10-30,12:53:39
17,1704545028694734080,7344.0,1,25,16777215,ee361f5,关键技术标准不一样啊，爱莫能助,1730288801,1704545028694734080,1048576,2024-10-30,11:46:41
18,1704487559231149312,8025.0,1,25,16777215,d2bd6f5a,《预祝》,1730281950,1704487559231149312,1048576,2024-10-30,09:52:30
19,1704310611669931776,6264.0,1,25,16777215,3ed0503d,十分关注你们到底能不能把他俩弄回来,1730260857,1704310611669931776,1048576,2024-10-30,04:00:57
20,1704259436799421440,4063.0,1,25,16777215,329c43af,哈哈哈,1730254756,1704259436799421440,1048576,2024-10-30,02:19:16
21,1704178760561537024,2105.0,1,25,16777215,f3633449,为啥不放完整版？,1730245139,1704178760561537024,1048576,2024-10-29,23:38:59
22,1703923084295788544,440.0,1,25,16777215,ef631352,没有能力提供实质性帮助，美国的脸面也不允许，中国人民更不答应！,1730214660,1703923084295788544,1048592,2024-10-29,15:11:00
23,1703922979337417216,,1,25,16777215,ef631352,没有能力提供实质性帮助，美国的脸面也不允许，中国人民更不答应！,1730214647,1703922979337417216,1048592,2024-10-29,15:10:47
