user_id,nickname,avatar,last_modify_ts,total_fans,total_liked,user_rank,is_official
456664753,央视新闻,https://i1.hdslb.com/bfs/face/16e9db1ba58f7e251d6966786994ef50798a9cad.jpg,1736966194360,20425162,366852848,6,1
390917283,中国网视频,http://i0.hdslb.com/bfs/face/19e2152aab242e87050e94de8c6040d70246146a.jpg,1736966194410,37103,149620,5,1
700710354,商业微史记,https://i0.hdslb.com/bfs/face/d39479a034060b47ae8572540fbc7c6715ca1390.jpg,1736966194492,4466,45043,4,1
473837611,新华社,https://i1.hdslb.com/bfs/face/396b93a7f619882afa711879dbf2cb98a40e7367.jpg,1736966194579,17271826,219631120,6,1
104092224,中新视频,https://i0.hdslb.com/bfs/face/c8db7e40faacae4a8d51c6ddbedd401e92e3a265.jpg,1736966194670,304092,45607022,6,1
1131457022,人民日报,https://i2.hdslb.com/bfs/face/19a041ba0e78ed43b7a3eab35edfc998eaa7db8e.jpg,1736966194771,15758090,166703251,6,1
222103174,央视网,https://i1.hdslb.com/bfs/face/bc9054b679e187858daa6004633d0f45654b99ae.jpg,1736966194854,4572646,197704070,6,1
33775467,人民网,https://i0.hdslb.com/bfs/face/4b5468ab22ee0ba672f070def7ed55986c581a4a.jpg,1736966194893,3882693,73437376,6,1
451320374,央视网快看,https://i2.hdslb.com/bfs/face/127e4c355254788f41ce3dd493f1f2925ebd423d.jpg,1736966194986,1872388,70294324,6,1
522554101,南方Plus,https://i1.hdslb.com/bfs/face/0707061759c7f39075636b7e20a6a70691c04542.jpg,1736966195052,23981,1857375,6,1
473495962,腾讯新闻,https://i1.hdslb.com/bfs/face/b8f12a6599db32c6660a2bc3dab920d1bd89c008.jpg,1736966195126,175508,17386110,6,1
1184514787,中国三农发布,https://i1.hdslb.com/bfs/face/b170b039d0e45fdb34a020cfa1e813d6a7c002fe.jpg,1736966195218,186943,2291100,6,1
1390829728,第1眼新闻,https://i1.hdslb.com/bfs/face/914ece4841501916565a009b50787ad0a965529e.jpg,1736966195302,85960,42766387,6,1
104092224,中新视频,https://i0.hdslb.com/bfs/face/c8db7e40faacae4a8d51c6ddbedd401e92e3a265.jpg,1736966195343,304092,45607026,6,1
6250993,看看新闻Knews,https://i1.hdslb.com/bfs/face/79fe6ed562aa91a77abb2c32f8183319deea2f6f.jpg,1736966195436,308247,28148018,6,1
515155585,新华社快看,https://i1.hdslb.com/bfs/face/c9efe213b533370e428b72e5b90053ac92188456.jpg,1736966195528,1417485,56191827,6,1
1131457022,人民日报,https://i2.hdslb.com/bfs/face/19a041ba0e78ed43b7a3eab35edfc998eaa7db8e.jpg,1736966195628,15758090,166703266,6,1
328271007,青蜂侠-Bee,https://i0.hdslb.com/bfs/face/3d5fa2fd6893a6210c5c03e156a2f0349bb3072e.jpg,1736966195730,583905,64841324,6,1
33775467,人民网,https://i0.hdslb.com/bfs/face/4b5468ab22ee0ba672f070def7ed55986c581a4a.jpg,1736966195848,3882693,73437382,6,1
3537108406896854,青海新闻联播,https://i2.hdslb.com/bfs/face/eece3af3582fc20866171059b7b3fc6be7daee7a.jpg,1736966195927,931,57325,4,1
630882981,长安街知事,https://i0.hdslb.com/bfs/face/3cfe8af1a8148b450c477d1688367c4e684ea4e5.jpg,1736966533482,216441,6020107,6,1
2144464488,掌闻视讯,https://i0.hdslb.com/bfs/face/9fd347c72caca1ad5bc5d0f519209d5f0d286dd7.jpg,1736966533533,45823,16780451,6,1
33775467,人民网,https://i0.hdslb.com/bfs/face/4b5468ab22ee0ba672f070def7ed55986c581a4a.jpg,1736966533611,3882693,73437461,6,1
522554101,南方Plus,https://i1.hdslb.com/bfs/face/0707061759c7f39075636b7e20a6a70691c04542.jpg,1736966533696,23981,1857378,6,1
2144464488,掌闻视讯,https://i0.hdslb.com/bfs/face/9fd347c72caca1ad5bc5d0f519209d5f0d286dd7.jpg,1736966533791,45823,16780452,6,1
48968347,第一财经,https://i1.hdslb.com/bfs/face/241c1464ae064aa6c82a3716486e72b72278387b.jpg,1736966533883,101873,4710206,6,1
48968347,第一财经,https://i1.hdslb.com/bfs/face/241c1464ae064aa6c82a3716486e72b72278387b.jpg,1736966533974,101873,4710207,6,1
104092224,中新视频,https://i0.hdslb.com/bfs/face/c8db7e40faacae4a8d51c6ddbedd401e92e3a265.jpg,1736966534042,304095,45607098,6,1
483787858,环球网,https://i1.hdslb.com/bfs/face/51dadbf0e52388fd8e1d27e2b32b1d17a52ac301.jpg,1736966534143,1456132,240991852,6,1
497987732,川观新闻,https://i2.hdslb.com/bfs/face/28f8c848dadafaa130ff102bafd0143b2286e9a9.jpg,1736966534195,134732,32320497,6,1
1744988033,新黄河,https://i2.hdslb.com/bfs/face/97778c6d681cee87273753080e0c6da27a4bf9f8.jpg,1736966534290,9794,805404,6,1
488055582,新华网,https://i0.hdslb.com/bfs/face/5449ba0be21836684876662c675079cb62f916d6.jpg,1736966534386,1387743,38459266,6,1
497987732,川观新闻,https://i2.hdslb.com/bfs/face/28f8c848dadafaa130ff102bafd0143b2286e9a9.jpg,1736966534469,134732,32320498,6,1
497987732,川观新闻,https://i2.hdslb.com/bfs/face/28f8c848dadafaa130ff102bafd0143b2286e9a9.jpg,1736966534566,134732,32320498,6,1
48968347,第一财经,https://i1.hdslb.com/bfs/face/241c1464ae064aa6c82a3716486e72b72278387b.jpg,1736966534652,101873,4710210,6,1
104092224,中新视频,https://i0.hdslb.com/bfs/face/c8db7e40faacae4a8d51c6ddbedd401e92e3a265.jpg,1736966534750,304095,45607099,6,1
473495962,腾讯新闻,https://i1.hdslb.com/bfs/face/b8f12a6599db32c6660a2bc3dab920d1bd89c008.jpg,1736966534850,175508,17386153,6,1
436503463,燃新闻,https://i1.hdslb.com/bfs/face/cc1ee94d857f0c6164c890b66ce24c4153ca9b34.jpg,1736966534928,136545,27962917,6,1
701504969,闪电新闻,https://i2.hdslb.com/bfs/face/0b1a878605ac7b09b4a708dcd76832ceed1e882c.jpg,1736966535019,79405,22900999,6,1
343289809,动静新闻,https://i1.hdslb.com/bfs/face/8954b19a995c77efd8b9cf6a8d0465cd11717761.jpg,1736966535110,29844,12963030,6,1
522554101,南方Plus,https://i1.hdslb.com/bfs/face/0707061759c7f39075636b7e20a6a70691c04542.jpg,1736966585387,23981,1857379,6,1
673420980,韩秀云讲经济,https://i0.hdslb.com/bfs/face/d8db1b5eda282f42538b14a5ce61cb0b48ab5d20.jpg,1736966585418,371302,800318,6,0
15478776,噗噗的日常随想,https://i0.hdslb.com/bfs/face/41c85707113956517cb603e09c9464decbf2c5e6.jpg,1736966585472,2606,12057,6,-1
289706107,淘沙博士,https://i1.hdslb.com/bfs/face/e488aa1b8c65beccfa545a6b53ec8f87998ea6ad.jpg,1736966585518,546025,6432335,6,0
420361385,青岛广电蓝睛,http://i1.hdslb.com/bfs/face/a802b4b3dbed976b8b7832f6a02686f32b908c94.jpg,1736966585567,707,23084,4,1
628103024,欧美高校金融课程,https://i2.hdslb.com/bfs/face/589f989710b228da42b0248a7e3809a668b9ab98.jpg,1736966585614,44347,41960,5,-1
3546554893863685,德云相声小品大荟萃,https://i1.hdslb.com/bfs/face/fa5a5053d86a328465ad35860fb77852586099cb.jpg,1736966585677,335,2209,2,-1
521951047,ATM゜,https://i1.hdslb.com/bfs/face/c1eef6a2b84454cf93d1d0bde69501e5e79e0ccc.jpg,1736966585723,2842,40656,5,-1
1245846167,中金财富,https://i2.hdslb.com/bfs/face/2acdac0129ca1525731843e1f7ebdf7961681c99.jpg,1736966585766,10355,17838,4,1
479817898,王纯迅,https://i1.hdslb.com/bfs/face/e05d3fc492b6d128371936003d186ece29fd3190.jpg,1736966585821,69182,436115,6,-1
474674521,憨憨的噗噗糖,https://i1.hdslb.com/bfs/face/4768702047fdb39fccd0655ae9a25e45c6452554.jpg,1736966585910,19,195,5,-1
3537120656361663,纯正英语原声30秒,https://i0.hdslb.com/bfs/face/3ccd2eef154f9e51de854e21a94d2cdef0e6e40e.jpg,1736966585960,308360,1830219,6,-1
1632590720,楠哥有才气,https://i2.hdslb.com/bfs/face/baef336f0ec2669521259b82cf360f959b8f632b.jpg,1736966586029,367,72893,4,-1
1843955411,浪尖的浪,https://i2.hdslb.com/bfs/face/c6f4e689788109790de6f8de509591a3cb8c4f07.jpg,1736966586116,13,744,3,-1
1720109071,明亚叶方平,https://i1.hdslb.com/bfs/face/7fca0633e0ab383099bcf5401633e9ded71fabcc.jpg,1736966586166,102,1884,3,-1
3546615470098994,五彩北斗星,https://i2.hdslb.com/bfs/face/d9a8d7e38bed8e51ada5ba93384ef1fead5c4e7a.jpg,1736966586233,5265,4663473,6,-1
223960949,英姿AI音乐,https://i2.hdslb.com/bfs/face/4f3070a817dbee73e7fb50d35fe50b7f42303b71.jpg,1736966586293,4,185,2,-1
1734270744,北京京康律师事务所,https://i0.hdslb.com/bfs/face/450e59a66c09b1726f36eb1a16a2fc8cac690193.jpg,1736966586342,375,975,2,-1
3493124045277531,学习汉字阅早阅好,https://i0.hdslb.com/bfs/face/fe1479728e298eae89160cb70cfe31386269b012.jpg,1736966586388,27,163,0,-1
100816312,大海的鹅纸_,https://i1.hdslb.com/bfs/face/b97134d263d00d26868220775722e090e942e087.jpg,1736966586443,261449,12486953,6,0
3494376162462377,情愫旋律,https://i2.hdslb.com/bfs/face/04e3c492560920b7a64f7488942413579cf73f5b.jpg,1736966906238,3651,25732,4,-1
394429334,张芷南,https://i2.hdslb.com/bfs/face/cd4a855007df42a1c16ae330b10f3bdfdb1858ed.jpg,1736966906278,169,1103,5,-1
486314493,记录生活的拿铁,https://i0.hdslb.com/bfs/face/121971f39882fc4cb38660066189f89ae600c483.jpg,1736966906343,1,20,3,-1
481425807,GreenDonkey学习,https://i0.hdslb.com/bfs/face/873753f9083bc404c6624e25c0782ac556715806.jpg,1736966906406,253502,540965,6,0
491794038,喵叔说保险,https://i0.hdslb.com/bfs/face/819c85a48a369e7caf22f02411792a161eaf9a87.jpg,1736966906483,542,1562,4,-1
485196008,五塘有点甜,https://i2.hdslb.com/bfs/face/825854abd96089f250db980ceaff07317627383b.jpg,1736966906555,486,18681,5,-1
3546644719078093,小赵上海居间金融,https://i1.hdslb.com/bfs/face/11b30edead27bd09f6e8d98f72505e6f8b87a35f.jpg,1736966906611,2,96,0,-1
3546719375591766,低碳网,https://i0.hdslb.com/bfs/face/0cfd9be652ffa056127e8a9ccf1aaa79d965f9e3.jpg,1736966906667,1,38,2,-1
3537104715909319,信息Gap,https://i1.hdslb.com/bfs/face/e663021479f6cfb94d92c4cc7b6f3391f285e8d0.jpg,1736966906718,2470914,4777269,6,0
692270048,易考吧,https://i2.hdslb.com/bfs/face/22fd579f5d87a00ab61a0d3e819528b5f25c01b2.jpg,1736966906812,906,827,4,-1
104092224,中新视频,https://i0.hdslb.com/bfs/face/c8db7e40faacae4a8d51c6ddbedd401e92e3a265.jpg,1736966906881,304095,45607183,6,1
416836450,实用英语学习社,https://i1.hdslb.com/bfs/face/2f032ca2eb84dbcfc3e82e076d93591f5830d4c0.jpg,1736966906933,138149,124311,5,-1
94707602,平行小镇FM_科幻播客,https://i2.hdslb.com/bfs/face/dd85576082efbc3826a15a27f4d1091bf41e6a3e.jpg,1736966906989,114,93,5,-1
696871483,文犬快跑,https://i1.hdslb.com/bfs/face/24fa5eeb9c6eb237f8650bd569d1fe45a34d9ea4.jpg,1736966907106,32919,396831,5,-1
1721870359,娱乐可爱蛙,https://i1.hdslb.com/bfs/face/e4bddda7ac34c347d5671913ce8e9ca387718d6f.jpg,1736966907229,26031,14147498,6,-1
66636850,老白大师,https://i1.hdslb.com/bfs/face/605dc09dca26240ff5d8d52e4521e2610e34c30c.jpg,1736966907292,7234,86315,6,-1
257528757,fabccd,https://i0.hdslb.com/bfs/face/cd817d399f595a1324c7be086095d27cde3fa138.jpg,1736966907349,15,285,5,-1
625761390,向上遴选,https://i0.hdslb.com/bfs/face/4bbce30310af6e411fefcd0a7309503e0d34c2c4.jpg,1736967087482,202790,1331649,6,-1
1106721854,养猫爸的养猫吧,https://i2.hdslb.com/bfs/face/567b46cd742ad28e4b8ffc3601750baa3a2f883e.jpg,1736967087512,500,3304,4,-1
86888447,水雨青,https://i2.hdslb.com/bfs/face/1f3cf4633bc0b3ee500bab6c0c559b35854923cd.jpg,1736967087566,506,29204,5,-1
3546748077214651,星光磨料公司,https://i1.hdslb.com/bfs/face/cb139df03c78c949a248c2f560d7ea08a65f087a.jpg,1736967087587,2,12,0,-1
1586728,张兮兮,https://i1.hdslb.com/bfs/face/df9936eb59c9f30b0d810144e92a193bf12ae81f.jpg,1736967087633,27669,976412,6,-1
62476985,疯狂的Birdy,https://i2.hdslb.com/bfs/face/5f4d9ea04bc3f423e9bb47008a2ac2f1e5b8dd69.jpg,1736967087676,65,2042,4,-1
1879156020,广东弱电线缆批发小杨,https://i0.hdslb.com/bfs/face/891f3dad1280c53e4553cfbfa8cb0f2e6d89e7dd.jpg,1736967087715,21,155,2,-1
1896141198,李咪咪是只小公猫,https://i0.hdslb.com/bfs/face/68e709ac1236ba70262247d3c6df50ffe0ad0a34.jpg,1736967087759,9569,352916,5,-1
478924340,刀不拔,https://i0.hdslb.com/bfs/face/member/noface.jpg,1736967087806,13,323,5,-1
25565826,腿毛长倒刺,https://i0.hdslb.com/bfs/face/e84c3d10b9489a148e12b4abb879f95fbd7ada88.webp,1736967087860,1806,112328,6,-1
274343505,bulvge_studio,https://i0.hdslb.com/bfs/face/4b7ec6dfed9e6ae28d6a22aba34e5a1b70092cef.jpg,1736967087939,9391,82629,5,-1
243579624,无ren在意,https://i0.hdslb.com/bfs/face/4fc17db8bd195f89eeb3b68ad876e189223a5b32.jpg,1736967087990,1,61,5,-1
358846868,dd20180813,https://i2.hdslb.com/bfs/face/e9993ed776b5ee34d233f1bf6064309641a6d86a.jpg,1736967088041,11,73,6,-1
475041196,设计师阿辰,https://i1.hdslb.com/bfs/face/c9fc368d9967d72ba4482da9721c27a888a047b8.jpg,1736967088086,2040,7088,5,-1
18984831,木浴露,http://i0.hdslb.com/bfs/face/f5cdc602ddd825c22291fdcab3365e9ee0206c05.jpg,1736967088127,199,1401,6,-1
2065390161,兰卡堂堂复活,https://i0.hdslb.com/bfs/face/f6976422ed4b580dbef49bee685bdbe5d43acc73.png,1736967088188,75,4592,5,-1
497987732,川观新闻,https://i2.hdslb.com/bfs/face/28f8c848dadafaa130ff102bafd0143b2286e9a9.jpg,1736967088243,134733,32320651,6,1
3850276,诺丶婪惜,http://i0.hdslb.com/bfs/face/d8bd0dbacafb809d994474c8228d737489f45678.jpg,1736967088304,231,24170,6,-1
1834874134,Danyelza,https://i1.hdslb.com/bfs/face/3d052592b4eb8ea507a6ce898d2458178cc17c1b.jpg,1736967088364,760,3730,4,-1
1428543937,he云朵,https://i1.hdslb.com/bfs/face/4d00e56e443b8b1dfbd5202214cde62c17de7909.jpg,1736967088417,1045,1076,3,-1
1834874134,Danyelza,https://i1.hdslb.com/bfs/face/3d052592b4eb8ea507a6ce898d2458178cc17c1b.jpg,1736967133570,760,3730,4,-1
451320374,央视网快看,https://i2.hdslb.com/bfs/face/127e4c355254788f41ce3dd493f1f2925ebd423d.jpg,1736967147773,1872386,70294505,6,1
236064882,央视社教,https://i0.hdslb.com/bfs/face/5bf743c4b9dbc8b0aee8e43b2e00953f55056075.jpg,1736967147806,102966,1308845,6,1
451320374,央视网快看,https://i2.hdslb.com/bfs/face/127e4c355254788f41ce3dd493f1f2925ebd423d.jpg,1736967147857,1872386,70294505,6,1
451320374,央视网快看,https://i2.hdslb.com/bfs/face/127e4c355254788f41ce3dd493f1f2925ebd423d.jpg,1736967147890,1872386,70294505,6,1
451320374,央视网快看,https://i2.hdslb.com/bfs/face/127e4c355254788f41ce3dd493f1f2925ebd423d.jpg,1736967147942,1872386,70294505,6,1
522554101,南方Plus,https://i1.hdslb.com/bfs/face/0707061759c7f39075636b7e20a6a70691c04542.jpg,1736967147993,23981,1857389,6,1
521292909,福建日报社东南网,https://i0.hdslb.com/bfs/face/408ed43b784b570866dd488fb4a328d6a872e8c8.jpg,1736967148045,1725,139447,3,1
17095888,Crossin的编程教室,https://i1.hdslb.com/bfs/face/741adaeec4c5cd7e4fab303b4d667c364ac38c04.jpg,1736967148083,31616,103771,5,-1
1381751014,教编程的于老师,https://i1.hdslb.com/bfs/face/6f5cd505488736f7f1238c49f0c28f523d1b2a53.jpg,1736967148132,31450,1952667,5,-1
10850097,独夫之心观天下,https://i0.hdslb.com/bfs/face/ce1df7657719267a4ca8b95009cfa98ae28f5079.jpg,1736967148193,513402,4842436,6,-1
281346411,昵称已存在-电脑,https://i0.hdslb.com/bfs/face/member/noface.jpg,1736967148253,0,15,3,-1
3537112768973693,Yhong粤语,https://i0.hdslb.com/bfs/face/member/noface.jpg,1736967148305,16,30,2,-1
3493134637992119,带你走遍日本,https://i2.hdslb.com/bfs/face/55a29fa255f34abd58ca66e28cc8f8d5970661ac.jpg,1736967148358,4851,450419,4,-1
70939890,罗夕夕博士,https://i0.hdslb.com/bfs/face/075f3b0eca6c930082df8534e9947cd09c9a23c8.jpg,1736967148380,281454,550783,6,0
3494368946162325,小溪的生活_,https://i0.hdslb.com/bfs/face/d896a9fd1a2daf89d283621379e78216f293db09.jpg,1736967148422,516,4217,3,-1
3546745992645506,拼一拼i,https://i2.hdslb.com/bfs/face/7df972003544478dd578491a55525cd194c7b7ac.jpg,1736967148474,3,177,2,-1
1290372377,信者无敌NB,https://i2.hdslb.com/bfs/face/9ae3ec02966556cabbbf40494b18a96d735438a6.png,1736967148534,137,791,3,-1
3546390114339010,bili_86050432979,https://i0.hdslb.com/bfs/face/member/noface.jpg,1736967148589,259,7299,3,-1
3546682983712783,墨念知樱,https://i1.hdslb.com/bfs/face/7d3116bb69a22584721f3e0b1343bb31b64e5f59.jpg,1736967148642,446,395,3,-1
3537117749709121,飞鸟与鱼距离,https://i0.hdslb.com/bfs/face/member/noface.jpg,1736967148704,0,1,2,-1
3546637179816377,白日梦想塔,https://i2.hdslb.com/bfs/face/683c50248426b4bc7de7b0490712120a24191db0.jpg,1736967284996,182618,6094148,6,-1
671320425,法式文艺,https://i0.hdslb.com/bfs/face/c495dcef055695f70712312d0040984027c71b16.jpg,1736967285027,158320,4661512,6,-1
5062668,NIJIACHEN,https://i0.hdslb.com/bfs/face/5806f44868a25036777aa1d9295ef11fd1db7263.jpg,1736967285079,10,33,6,-1
3546735546730999,贞韩总院长郝帅,https://i1.hdslb.com/bfs/face/3c0c85af01cdaec88f66893d6e2e2c29abfb4c92.jpg,1736967285106,8,30,2,-1
3546564773546572,支付老兵带你玩支付,https://i1.hdslb.com/bfs/face/5943824ae80e7d02264869e4200b9e08cf06d38d.jpg,1736967285166,13,45,2,-1
435050499,凌祎碎碎念,https://i0.hdslb.com/bfs/face/9a9a2433a61a63954160407e53ea7072302f20ab.jpg,1736967285215,1,18,3,-1
365833367,OohKay,https://i2.hdslb.com/bfs/face/3c86c4d879445153864f8b23f906bf7ebec87646.jpg,1736967285262,167,65473,5,-1
87320052,米雷老师,https://i0.hdslb.com/bfs/face/256bc9712e518fe1f399fe3192dac2e359e3746c.jpg,1736967285324,11,1179,2,-1
1220407407,小高不恐高,https://i0.hdslb.com/bfs/face/8c57b9514cac238dbc7f7cee36303c539b18b843.jpg,1736967285367,0,9,2,-1
589179716,大马魚哥,https://i2.hdslb.com/bfs/face/0d60ca3ee7f210ac2abd26195e4e0c48c6e2cdb9.jpg,1736967285407,2689,8063,5,-1
686481931,销冠绿哥,https://i1.hdslb.com/bfs/face/9fffd50fbb30b0b338c868bebca73d9d8dee7fd7.jpg,1736967285516,2844,45676,4,-1
1460643282,闲人大橙子,https://i0.hdslb.com/bfs/face/0e8a94cb705f88f668e875bc8a7dc406befb0a14.jpg,1736967285571,261,5135,4,-1
3546577224337818,风氢阳_碳学苑,https://i0.hdslb.com/bfs/face/bfc63a7974ffd7cdd327547ba410e105d72af086.jpg,1736967285626,936,1261,3,-1
676169381,伏帝魔2021,https://i0.hdslb.com/bfs/face/member/noface.jpg,1736967285674,6,46,5,-1
1028415036,以及至及Anderism,https://i0.hdslb.com/bfs/face/20193fd285788006778587809d0a43fe1f3e091e.jpg,1736967285732,39,234,2,-1
314722278,团团和圆圆666,https://i0.hdslb.com/bfs/face/ff13d1415b5d105f18030c1b21c1de5eb63a064d.jpg,1736967285785,24,327,2,-1
431779091,勾文君勾子老师,https://i2.hdslb.com/bfs/face/63f8da51fae914334345e6d069253a53ae611439.jpg,1736967285910,41785,42382,5,-1
1099727531,Darcy大发,https://i2.hdslb.com/bfs/face/72c81ba7147d84b5d9dda31f33deb85bc072017d.jpg,1736967285970,22112,701928,4,-1
141641752,养老运营大苗子,https://i1.hdslb.com/bfs/face/eca2a453901db45ff1334342677eb513d9d3cb21.jpg,1736967373411,24728,1014857,6,-1
3546710963915559,中衡创新设备研究院,https://i0.hdslb.com/bfs/face/501b4e96aa67f2f1d91cbb0f393825b2f91889cc.jpg,1736967373450,3,56,2,-1
599645930,小陈的攒钱生活日记,https://i2.hdslb.com/bfs/face/8c0b68ee3f5cd36a78590c6203aa46f6112fe39c.jpg,1736967373522,12397,264713,4,-1
20384911,初夏的云和雨,http://i1.hdslb.com/bfs/face/804ac5f5e407852803339ccc591a8dcc398ded84.jpg,1736967373570,7,10,6,-1
24345339,小橙子的澄,https://i0.hdslb.com/bfs/face/3155c950bb12b8705fdd7f728356d9ac7ee13d74.jpg,1736967373619,14,243,5,-1
83409212,摩托厂装配工,https://i2.hdslb.com/bfs/face/9954e59ca410ac0435ee2077f8b29006d4445d37.jpg,1736967373668,4570,35962,6,-1
1442889235,闻酒都脸红,https://i1.hdslb.com/bfs/face/fe96d4f9088453e50bc8157f469cb8e59e2f7ed0.jpg,1736967373724,14079,111770,5,-1
397017956,烂条一猫,https://i2.hdslb.com/bfs/face/e637c160718991c4cf727ef725f242ea1e07b06f.jpg,1736967373768,2,48,5,-1
3546631142115488,正友驾校门卫李大爷,https://i2.hdslb.com/bfs/face/f6d71aa1a63a6c36ca8fec3873855c52cc97e40d.jpg,1736967373822,16,123,2,-1
13155164,Blindingflashes,https://i2.hdslb.com/bfs/face/60c74ac1376af7bf8dfb27acccf6906521754da7.jpg,1736967373885,2,56,5,-1
3546613509261910,速程精密,https://i1.hdslb.com/bfs/face/2bf53728893388c5107b491a0e0398c7c52a69e9.jpg,1736967373929,17,98,2,1
3494368296045242,铸造件厂家15518505617,https://i2.hdslb.com/bfs/face/10b8bedc08d6ea38f9fc59e2a0f0c6236b72871f.jpg,1736967373985,2,18,2,-1
3546631142115488,正友驾校门卫李大爷,https://i2.hdslb.com/bfs/face/f6d71aa1a63a6c36ca8fec3873855c52cc97e40d.jpg,1736967374037,16,123,2,-1
482799387,五旬老汉的私密频道,https://i0.hdslb.com/bfs/face/406cdb7df02fd3d5f49038bc798e51d1f8e8dcf3.jpg,1736967374087,10,432,2,-1
526053604,香水蝴蝶2008,https://i1.hdslb.com/bfs/face/b7cccddcf1d286e094cc30446a39feeaa90a095b.jpg,1736967374136,16,41,2,-1
3546711001664143,至爱中式黑8,https://i1.hdslb.com/bfs/face/f02cc4955c79653f837957c7a46081d534e11336.jpg,1736967374187,30,4291,2,-1
3546654326131605,添澎AI科技,https://i0.hdslb.com/bfs/face/f7e44be3707587a23f4cfb0a3c5f684a4b05dd6f.jpg,1736967374306,2,31,2,-1
3546720742934641,酷开电视,https://i1.hdslb.com/bfs/face/2929a739787dbe4859315088520960dd0b4339e5.jpg,1736967374371,27,138,2,1
492545215,楚昤,https://i1.hdslb.com/bfs/face/b0b2a055c48d7e48d02ccf4f32e54f2787fb6984.jpg,1736967374423,1279,126589,5,-1
407022126,跑者247,https://i0.hdslb.com/bfs/face/04212576b1a3e831acc5f3c837f92f06589c918a.jpg,1736967409769,6375,161245,6,-1
322181257,海豹少爷,http://i1.hdslb.com/bfs/face/3789bc2ea6872c8f35e3cb0445aabf86e9e747a5.jpg,1736967409806,40,685,4,-1
3546711001664143,至爱中式黑8,https://i1.hdslb.com/bfs/face/f02cc4955c79653f837957c7a46081d534e11336.jpg,1736967409858,30,4291,2,-1
297919619,从玄从爻1,https://i2.hdslb.com/bfs/face/fb79103e8b33547023e2010030b6889bba2b49bf.jpg,1736967409906,7,65,2,-1
3546711001664143,至爱中式黑8,https://i1.hdslb.com/bfs/face/f02cc4955c79653f837957c7a46081d534e11336.jpg,1736967409965,30,4291,2,-1
297919619,从玄从爻1,https://i2.hdslb.com/bfs/face/fb79103e8b33547023e2010030b6889bba2b49bf.jpg,1736967410022,7,65,2,-1
33831892,JKChen陈大理,https://i0.hdslb.com/bfs/face/member/noface.jpg,1736967410071,16,146,3,-1
3615296,金八先生,https://i2.hdslb.com/bfs/face/18702258f7ecaf373116ba5b936b8f762e90d2b7.jpg,1736967410116,34,400,6,-1
379827836,timeclimber,https://i2.hdslb.com/bfs/face/7858227cbb79bfdfb12311ebb1e3615e165eaaf5.jpg,1736967410182,196,30994,6,-1
491878913,DEMAN_KAMIN,https://i0.hdslb.com/bfs/face/member/noface.jpg,1736967410238,210,985,4,-1
419559084,慢走不送J,https://i0.hdslb.com/bfs/face/31815cd8f987711ee3c4abcf2eb5172ccfe43249.jpg,1736967410295,160,6440,3,-1
21887999,海离薇,https://i2.hdslb.com/bfs/face/cf47f8ffa4668fbe610994afdd0f9225c08f0462.jpg,1736967410339,5695,34741,6,-1
254535526,混知,https://i1.hdslb.com/bfs/face/09788e858115d811186845cba93a569ff223d4ad.jpg,1736967436584,2171800,7842598,6,0
383987894,南方老农,https://i2.hdslb.com/bfs/face/61f911f7e822d284f49c748c9dc6e543b78affa6.jpg,1736967436630,6655,52519,5,-1
3493262857866111,肉也是棒,https://i0.hdslb.com/bfs/face/dea6163e9f2262fbbfb1a98a53338db8fb489cf4.jpg,1736967436694,811,89549,5,-1
383354609,光速观察站,https://i2.hdslb.com/bfs/face/b9ead6f8cc4feea2661c1b5bac78b3d52e685814.jpg,1736967436752,307969,1562946,6,-1
3546759458458313,Lawyer小先锋,https://i2.hdslb.com/bfs/face/d35f9ae5dc91122828f3909b50ada07da595850f.jpg,1736967436807,1,51,2,-1
629803228,信息速看,https://i1.hdslb.com/bfs/face/dcff850d1228fab403583dad650aada1db6ec539.jpg,1736967436856,7,126,5,-1
1275068363,一360一,https://i2.hdslb.com/bfs/face/909508dc518526818d89fe9355467f2d820b7d5c.jpg,1736967436904,24,126,2,-1
1431647378,电气哥,https://i2.hdslb.com/bfs/face/4dbcda00919761a2ae55d25a94002a2960c5bb81.jpg,1736967436968,21301,363626,5,-1
2114344704,闲聊北京,https://i0.hdslb.com/bfs/face/abdad912dc47dff8d9111e8801b46eaf2498d8ae.jpg,1736967437017,44259,660762,6,-1
107535769,忽然信息差,https://i1.hdslb.com/bfs/face/95411d7554fe6f9e5203824075ccde9cf73402e1.jpg,1736967437068,119,359,6,-1
3546687375149243,周伯通丶妙关时局丶,https://i2.hdslb.com/bfs/face/2a8b73cba8981389073c8613c20963f74fa96132.jpg,1736967437118,9136,187972,5,-1
351686988,唯有自强,https://i0.hdslb.com/bfs/face/686396135d6410da087f732fdb9db6e864165aec.jpg,1736967437172,163,272,6,-1
317697965,射手魔性得咧,https://i2.hdslb.com/bfs/face/5ef91ca56e76fa421c299146d1c4136fef49b95a.jpg,1736967437232,1754,40788,6,-1
395409262,信息Top,https://i1.hdslb.com/bfs/face/4a7f441db0233edf227e57848f2428e215c424b1.jpg,1736967437289,15,525,3,-1
1157433420,东北小犊子-茹伊,https://i0.hdslb.com/bfs/face/bbe390310f082f976382342e9343b033f1f99d9b.jpg,1736967437339,1,10,2,-1
251984418,周泽琳,https://i0.hdslb.com/bfs/face/9c3baec9156532025de2edb0e37f7a23a3c0bbb0.jpg,1736967437398,654,155371,6,-1
25881632,比英国人还阴,https://i2.hdslb.com/bfs/face/3a41d9f75bf102974adab41512784702f763dbd6.webp,1736967437455,4315,151027,6,-1
3493116659108519,芒果果吃不腻,https://i2.hdslb.com/bfs/face/2581d9ea469e73f5d68a7fe8c3e2702736ba92d0.jpg,1736967437513,348,1907,4,-1
1683693965,凤凰姝姝,https://i2.hdslb.com/bfs/face/3c9d3ab0cc15702dd08834e65445efced6535632.jpg,1736967437573,48,61,3,-1
2126633081,NqErse,https://i2.hdslb.com/bfs/face/cf03e365fa0b8d092768a297cb956a93bea1560f.jpg,1736967437631,89,333,4,-1
3546734712064923,六院播报,https://i0.hdslb.com/bfs/face/e4d4943cb9a5ad36e90215f6e0884c08f1dddfd8.jpg,1736967548916,737,161,2,-1
1135147982,奕剑雅涵,https://i2.hdslb.com/bfs/face/12eabf7e41eca75c33b09b1689616580932dc9eb.jpg,1736967548973,65,7477,3,-1
2049819579,成都玉雕李老师,https://i0.hdslb.com/bfs/face/c522175a6622b505cb67e102af00fdbb4eaa97ab.jpg,1736967549015,46,483,3,-1
3546661859101521,我想与你立黄昏,https://i0.hdslb.com/bfs/face/e259013a50bacd55783e6f74a6bc332bb4608b39.jpg,1736967549055,158,7338,2,-1
387291375,猪猪是帅哥,https://i0.hdslb.com/bfs/face/482d4cfe289a38768a8e42ce764845b94813916c.jpg,1736967549132,0,1,4,-1
504390236,bili_504390236,https://i2.hdslb.com/bfs/face/6563ece74b446a6b7741c5b5e7eecd9a031ce119.jpg,1736967549202,1306,3053,6,-1
452175564,笑林光记,https://i0.hdslb.com/bfs/face/79ccffb3366c24f0ff63df549eb272140950ba35.jpg,1736967549251,3,61,2,-1
18806812,读书打卡挑战,https://i1.hdslb.com/bfs/face/8c9827c42b5071945c900b2f214fefb2d3aba574.jpg,1736967549303,1486,13674,6,-1
407022126,跑者247,https://i0.hdslb.com/bfs/face/04212576b1a3e831acc5f3c837f92f06589c918a.jpg,1736967549350,6375,161245,6,-1
3493124838000855,江南觅友,https://i0.hdslb.com/bfs/face/4c84ae740d6a6bdb093ac92e42dbf3c4065afa98.jpg,1736967549402,232,1197,3,-1
1417742310,前后北岸_Leven_,https://i0.hdslb.com/bfs/face/3ebd709c02f638a3ea7e72a4e683c64ee2cec292.jpg,1736967549451,214,21427,5,-1
3546738468063279,荒野奇纪a,https://i0.hdslb.com/bfs/face/ae1155f621c98ec158583d09f2b4d02d48faa6a8.jpg,1736967549505,419,1084,2,-1
3546761584970670,高老庄里的高老头,https://i0.hdslb.com/bfs/face/0a7ffbfc6f9544e7ee9b746c72b79b25e09e7e7e.png,1736967549553,1,58,2,-1
1466677954,青岛华强电缆,https://i1.hdslb.com/bfs/face/3724e0da0db8d94dd3fa154399bb2165621aa218.jpg,1736967549589,17,397,4,-1
591277602,已私莫辜负,https://i0.hdslb.com/bfs/face/75b2e2c8a326491c4747e6c2e50fcb3e6280db36.jpg,1736967549643,411,13630,3,-1
357552580,一剑善念,https://i1.hdslb.com/bfs/face/aaecff53837828a80701689a44128b746727987a.jpg,1736967549702,6523,232466,6,-1
514721624,文总士大夫,https://i2.hdslb.com/bfs/face/3dd54450f8a65de50f0506fe29865fe0ba13fba0.jpg,1736967549769,191,5704,5,-1
333856872,是河马叔叔啊,https://i0.hdslb.com/bfs/face/dc3b96a069ed7a8ffb95a489b9bc7c7ba516ace2.jpg,1736967549833,35,356,5,-1
639981785,南国资讯,https://i2.hdslb.com/bfs/face/44035dec1c55c67288e1645b89a72cfb3e21e9c2.jpg,1736967591862,54261,4814636,6,1
32104392,攒钱大王小毛桃,https://i0.hdslb.com/bfs/face/30d2592830fe5c94bcff89e8608a97f0d633aa74.jpg,1736967591900,32494,317697,6,-1
3493134568786415,小闲koki,https://i2.hdslb.com/bfs/face/2a43f9040a5c686a0d4ac403c72f6364c59b2fa9.jpg,1736967591960,22,710,3,-1
282807950,方舟实验室,https://i2.hdslb.com/bfs/face/97189e08f52bea2048b988a04d6863d94a66a092.jpg,1736967592016,5358,624956,6,-1
293919846,ranger文文,https://i0.hdslb.com/bfs/face/1a540b18e4e3c613ab3e0a38234bb712b8abc491.jpg,1736967592063,3957,94850,5,-1
1193097772,南财巨子,https://i1.hdslb.com/bfs/face/367ed252abbd8e75c32e91ce5797caaad6900681.jpg,1736967592103,73,279,4,-1
6642755,小亓的小陈,https://i2.hdslb.com/bfs/face/b3ab4cfee245a40cf302812e228ae24a35963452.jpg,1736967592155,84,5425,6,-1
478466709,北极雪_Amy,https://i0.hdslb.com/bfs/face/f37b3d24c7d62d3521fb9af9d62ba44e20d3a256.jpg,1736967592206,555,74908,5,-1
3493267733744443,冯丽联合设计,https://i1.hdslb.com/bfs/face/da7c65f871c9477ec65e84953da87039a820d8d0.jpg,1736967592257,29,117,2,-1
81167,xingcha,https://i2.hdslb.com/bfs/face/cc67538774410e356f6665215180db1c6e7b0d3a.jpg,1736967592328,6273,396450,6,-1
25306662,美孜孜美滋滋,https://i0.hdslb.com/bfs/face/f40a72f3c9269e1ec73a12dfdccd68e3547900c5.jpg,1736967592368,27,97,4,-1
395559354,YJC-yh,https://i0.hdslb.com/bfs/face/df569d69955556b704b7a23ace6e9f53ae280930.jpg,1736967592420,0,3,4,-1
395860982,数透社,https://i2.hdslb.com/bfs/face/b02ad13ac81b8449eddbef1006b532d340d17e06.jpg,1736967592470,80207,1536749,6,-1
1626016835,高考志愿辽宁王老师,https://i2.hdslb.com/bfs/face/c6adf107096405b72557d61a13690da33b4f226a.jpg,1736967592509,1502,7827,4,-1
3546608654355272,光阴同行,https://i2.hdslb.com/bfs/face/0a36eefc452d40042e10ec15b5e5ce44bcf199de.jpg,1736967592557,1,9,0,-1
3546659283798159,ItsNOTViola,https://i0.hdslb.com/bfs/face/06a560bc3e557741cac8a1b0367104e80670a56c.jpg,1736967592606,331228,4953701,6,-1
479818737,菩提梦魇,https://i0.hdslb.com/bfs/face/a8c905186feb9fcbfe176e002102afb13b726c0e.jpg,1736967592656,45,837,5,-1
3546667343153705,东华亚克力镜生产厂家,https://i2.hdslb.com/bfs/face/f19a63d45c5dda695bcf4a7bddf31e29c6ed3d14.jpg,1736967592736,12,110,2,-1
1313867282,甘草养生传统健身,https://i2.hdslb.com/bfs/face/76c7a3b381a33f8b916b3ea38cdb62be326d5725.jpg,1736967592799,2956,10338,3,-1
473498758,橘猫音凝,https://i1.hdslb.com/bfs/face/1f2c78a951cf4ff719a390c43c8b7c393c2ba1c1.jpg,1736967592867,4129,17050,6,-1
436083315,远方微星,https://i0.hdslb.com/bfs/face/e3367240af6fe529711644af1ba150121c3a3345.jpg,1736967680188,2,296,4,-1
3546697674262786,雷凯说供应链,https://i0.hdslb.com/bfs/face/member/noface.jpg,1736967680233,9,94,2,-1
591277602,已私莫辜负,https://i0.hdslb.com/bfs/face/75b2e2c8a326491c4747e6c2e50fcb3e6280db36.jpg,1736967680298,411,13630,3,-1
3546708996787072,大美丽爱喝茶,https://i1.hdslb.com/bfs/face/4aaf1759fb179a92c9546200d1e7da7e9963f4cc.jpg,1736967680367,2138,268064,3,-1
3546635002972940,伦茨变频器-电机维修,https://i2.hdslb.com/bfs/face/f62fb10d585d10c670599ebad3d3b7ab4caff94b.jpg,1736967680419,28,86,2,-1
361656806,偆袋,https://i2.hdslb.com/bfs/face/49b87f45ce1ba7f0f81073727d35c6e983b836e3.jpg,1736967693003,187,14501,6,-1
286166264,阿尔法搬运工,https://i2.hdslb.com/bfs/face/58d1598e969472154505cfe72e4261662d479f9a.jpg,1736967693036,33043,61751,5,-1
3493089821854615,陕西牛奔奔悟道成长路,https://i1.hdslb.com/bfs/face/73cf054f5b26792f90954c6174f87d526ccf0b79.jpg,1736967693084,42,368,2,-1
1619898675,燃情小煤炉,https://i0.hdslb.com/bfs/face/2ea5d58b02c83c1f14dca3eff6020c9fe19f5e89.jpg,1736967693147,31875,429079,6,-1
697791915,佟佳溪,https://i0.hdslb.com/bfs/face/32e53b95b2027466aedc720c337a6f8176c20c77.jpg,1736967693215,9,108,0,-1
1220643448,大杨小薇,https://i1.hdslb.com/bfs/face/e496d217fbbc73fd89f77cb918442e52b82a800d.jpg,1736967693284,29782,158133,5,-1
3493256927119959,地平线金融投研学院,https://i0.hdslb.com/bfs/face/1e74c254b4f470d9ea997102b8115a2ac3b4e5fe.jpg,1736967693350,24809,13475,4,-1
441925657,happy6667,http://i1.hdslb.com/bfs/face/35a496df0759eb663a6edaec2c76f097a93eae6f.jpg,1736967693389,146,1698,5,-1
387203466,心若心伤,https://i0.hdslb.com/bfs/face/71bb9871ccc0c36214f7c6fb51cb86476a11a540.jpg,1736967693438,3,123,5,-1
34702647,厨子的日常,https://i0.hdslb.com/bfs/face/d4e1607f4f3263a6ec76431f41d2c3c9ae407239.png,1736967693494,24,1407,5,-1
591277602,已私莫辜负,https://i0.hdslb.com/bfs/face/75b2e2c8a326491c4747e6c2e50fcb3e6280db36.jpg,1736967693534,411,13630,3,-1
1457711596,Jenny聊海外,https://i1.hdslb.com/bfs/face/8206e751b5b8e7a537c2dde3d8c19efaf290f993.jpg,1736967716122,57,220,2,-1
414777925,居安士,https://i1.hdslb.com/bfs/face/0133ba5152ed4c986545e4d5e02e8715da9aa42e.jpg,1736967716164,62449,1293452,6,-1
3546638266141114,厚德讲师培训,https://i1.hdslb.com/bfs/face/1deae9e18ee38b72a7ba5e009673756cfe368702.jpg,1736967716219,3,20,0,-1
1557387015,龙芽大师茶,https://i0.hdslb.com/bfs/face/41658868e3175934af921d26cee3a146362c52eb.jpg,1736967716267,46,286,3,1
4271778,七霁,http://i0.hdslb.com/bfs/face/member/noface.jpg,1736967716334,9,25,6,-1
400947320,银河中大威,https://i2.hdslb.com/bfs/face/34ac5506453423cd11379d6a786e04c337caa5dd.jpg,1736967716386,36,310,5,-1
493785849,多乐士套套,https://i0.hdslb.com/bfs/face/4ec9627d140dcd4def4c7fc6722826b123b58147.jpg,1736967716436,71049,1325711,6,-1
327597217,OscarBrook,https://i1.hdslb.com/bfs/face/ff3cef166e88c80aed6fe6f631acf466c91069d6.jpg,1736967716486,105,5417,5,-1
3546618750045079,海虎白军浪114,https://i1.hdslb.com/bfs/face/4e130048c818a6d5ada7890bac9fc214bde4a689.jpg,1736967716548,0,4,4,-1
591277602,已私莫辜负,https://i0.hdslb.com/bfs/face/75b2e2c8a326491c4747e6c2e50fcb3e6280db36.jpg,1736967716586,411,13630,3,-1
1894918007,日语博士刘大雷,https://i2.hdslb.com/bfs/face/c849659e1f20230ead23ecfa82f292b393ca4d8d.jpg,1736967753396,585,8536,5,-1
441465528,隆奔财税集团刘洪英,https://i0.hdslb.com/bfs/face/be83e428bd560c2c84edf3f7e4eb34e71fcdb983.jpg,1736967753431,302,7191,3,-1
504581088,小弟是一个人,https://i0.hdslb.com/bfs/face/fc85c72083fec8d043119feb430882c085cdc34b.jpg,1736967753470,88,3863,5,-1
1297170203,绿手指有机农园,https://i2.hdslb.com/bfs/face/305014164d8e668317193e84e9e5586a7f3d01a9.jpg,1736967753503,48851,156110,5,1
385844567,卐乐棋中,https://i2.hdslb.com/bfs/face/1cd759c5ad4f58fb16c6de3f043a198c89abd201.jpg,1736967753555,2201,91175,5,-1
609069301,老缪骑行,https://i1.hdslb.com/bfs/face/7325dd11b51697669ca7075d6f22e77a8f7d818e.jpg,1736967753617,12525,352866,4,-1
669292667,真好玩真有趣,https://i2.hdslb.com/bfs/face/af9b0b87fbdfbcd16da775cd0294492846353acc.jpg,1736967753682,5584,75152,5,-1
3493293352552567,矽杰微电子,https://i1.hdslb.com/bfs/face/c74d5b29b0cfa3633da0c02268790455df5f625b.jpg,1736967753747,641,1654,3,-1
3546711628712426,信息Gug,https://i2.hdslb.com/bfs/face/51711f3ab6a082bd255e6a03311d7800169dcbc5.jpg,1736967753817,9,92,2,-1
1784017794,咖啡味笔耕er,https://i0.hdslb.com/bfs/face/40149dc5678c83f6be78168569cc8a928077a66d.jpg,1736967753867,1620,4091,3,-1
263820926,黑中介提桶躺平打魔兽,https://i2.hdslb.com/bfs/face/9ce4bce46f5ec37273bce922199e6ff42a671e3a.jpg,1736967753933,29698,247316,6,-1
2119194251,我和七月的小日子,https://i2.hdslb.com/bfs/face/333d97f9d9ac96734ca7162d3e064c81999bb757.jpg,1736967753987,3,106,2,-1
3546581418642319,财富星途,https://i1.hdslb.com/bfs/face/3d5f0ee64c6f68befb29a0846d2e82baeebc0001.jpg,1736967754036,572,18083,2,-1
333882093,怕爬坡的皮大爷,https://i0.hdslb.com/bfs/face/aaa7698db989031073fce9536650c6ab25d3d356.jpg,1736967754086,81,236,2,-1
1438238681,云当铺数码产品回收,https://i2.hdslb.com/bfs/face/de3767497c945432ff563976b02acbbc810f8897.jpg,1736967754132,32,1900,3,-1
3537113305844272,华强电线电缆厂家,https://i1.hdslb.com/bfs/face/7911581f175101553e78d94bc6c81f4e1b6016de.jpg,1736967754187,9,87,2,-1
591277602,已私莫辜负,https://i0.hdslb.com/bfs/face/75b2e2c8a326491c4747e6c2e50fcb3e6280db36.jpg,1736967754252,411,13630,3,-1
526559715,陈平眉山论剑,https://i0.hdslb.com/bfs/face/8bb0b1ea83b892a1f396bd75849d60b61a49273f.jpg,1736967832224,1372990,7680140,6,0
1311065298,Mmmmmmmia税税念,https://i0.hdslb.com/bfs/face/ce9d8a4215ee64893e04101af518d7a5122e5475.jpg,1736967832250,2,8,3,-1
1274654889,九牛问津博士留学,https://i0.hdslb.com/bfs/face/97cde1151cd02901fd2809dfb46c25f9108cf820.jpg,1736967832302,2281,5383,3,-1
32666990,电影-漫游,https://i2.hdslb.com/bfs/face/32421df7a8ad56dbd12b1fe7f2aac97062dd3283.jpg,1736967832332,354,1549,5,-1
390647964,账号已注销,https://i0.hdslb.com/bfs/face/member/noface.jpg,1736967832381,7586,46516,0,-1
385844567,卐乐棋中,https://i2.hdslb.com/bfs/face/1cd759c5ad4f58fb16c6de3f043a198c89abd201.jpg,1736967832435,2201,91175,5,-1
3494361033607619,方鉴元,https://i2.hdslb.com/bfs/face/71aed72d4aa4807dc3be4d9495c4eaba67907756.jpg,1736967832497,47,346,0,-1
692270048,易考吧,https://i2.hdslb.com/bfs/face/22fd579f5d87a00ab61a0d3e819528b5f25c01b2.jpg,1736967832551,906,827,4,-1
2119194251,我和七月的小日子,https://i2.hdslb.com/bfs/face/333d97f9d9ac96734ca7162d3e064c81999bb757.jpg,1736967832601,3,106,2,-1
2119194251,我和七月的小日子,https://i2.hdslb.com/bfs/face/333d97f9d9ac96734ca7162d3e064c81999bb757.jpg,1736967832666,3,106,2,-1
434646029,萌新布告栏,https://i2.hdslb.com/bfs/face/a40c9ab0ff9cd4c2ccdab2a507ec0419caa48d5f.jpg,1736967832718,93,4652,5,-1
3493091302443097,メェイ,https://i1.hdslb.com/bfs/face/289a20141b74e58c04e43f790de3c5f267318528.jpg,1736967832781,4315,1138141,4,-1
6134061,大理石凯旋门,https://i0.hdslb.com/bfs/face/7e889a21ea33cf141c64f19209529586fa9e2283.jpg,1736967911746,59990,392682,6,-1
1620074802,毕上公考,https://i0.hdslb.com/bfs/face/8190ada3ec5fa3a2d08db22978db8009d7a2f6df.jpg,1736967911783,179287,883146,6,-1
3537121042238174,二丫头怀旧搞笑,https://i2.hdslb.com/bfs/face/b56b5c07425e705e6c68c5755c7fee56b4ec6459.jpg,1736967911834,10,314,0,-1
433850177,炖肉菠萝,https://i2.hdslb.com/bfs/face/85fdebbfb59a38f41112c9755fea3986e6a643f6.jpg,1736967911882,9,346,3,-1
3546385737582987,信輝康養,https://i0.hdslb.com/bfs/face/624237d518cf7d9b368099f3868d33581a67408a.jpg,1736967911950,69,994,2,-1
2217634,泠战,https://i1.hdslb.com/bfs/face/87ccb91535e452875a2456bebbe15a749dbe95dc.jpg,1736967911985,6891,186560,6,-1
317488992,SCDPS,https://i0.hdslb.com/bfs/face/ed9f4471d84d1ddf73fe85282ee54972c2a26515.jpg,1736967912044,16360,403764,6,-1
2119194251,我和七月的小日子,https://i2.hdslb.com/bfs/face/333d97f9d9ac96734ca7162d3e064c81999bb757.jpg,1736967912111,3,106,2,-1
25293664,王小泡要好好读书,https://i1.hdslb.com/bfs/face/149d41545b75411cf94468bae81bd4489ebca264.jpg,1736967936153,62693,107173,6,-1
543998069,琼崖柳庐,https://i2.hdslb.com/bfs/face/833f46612de86a49bcc89102d91b546cb7a4ed0c.jpg,1736967936191,2108,43864,5,-1
517507276,LeibnizQ,https://i1.hdslb.com/bfs/face/3bedee022e83ece447be052e263eca8c9e61dda5.jpg,1736967936267,4139,2288443,6,-1
414777925,居安士,https://i1.hdslb.com/bfs/face/0133ba5152ed4c986545e4d5e02e8715da9aa42e.jpg,1736967936318,62449,1293452,6,-1
3494350359104391,小卫子历险记,https://i0.hdslb.com/bfs/face/986e8eeee54b94cbd15ff20118cfda5027999455.jpg,1736967936381,89,200,2,-1
2119194251,我和七月的小日子,https://i2.hdslb.com/bfs/face/333d97f9d9ac96734ca7162d3e064c81999bb757.jpg,1736967936424,3,106,2,-1
321874123,禛选,https://i1.hdslb.com/bfs/face/ec30a00582bd3879da040062e93a693d35117443.jpg,1736967970433,1370,92069,5,-1
3546725985814723,小小鼹鼠呀,https://i1.hdslb.com/bfs/face/ca162b622983653aba07119a667fc5a109ecc483.jpg,1736967970479,11,86,2,-1
35616360,小柚子独立游戏,https://i0.hdslb.com/bfs/face/8ace84c9e540df49de48362cd1c41b2d082bc110.jpg,1736967970534,7,37,2,-1
2119194251,我和七月的小日子,https://i2.hdslb.com/bfs/face/333d97f9d9ac96734ca7162d3e064c81999bb757.jpg,1736967970601,3,106,2,-1
3546754857306887,天之沐山茶油官方,https://i2.hdslb.com/bfs/face/92fe3b59c15cb5a73cdafccbf1c3f28a47c95a6f.jpg,1736967981005,12,103,2,-1
473471392,孤烟幕影,https://i1.hdslb.com/bfs/face/de737cd746a96742c07ced6c213aa25cf0429d90.jpg,1736967981045,3107,16574,3,-1
487614876,四川观察,https://i0.hdslb.com/bfs/face/26ba4fbc996b05be9aa6c883d1f64c734f6ef313.jpg,1736967981095,978001,165109901,6,1
7078402,雾流,http://i1.hdslb.com/bfs/face/908f25f3e22cd50f88329dce2bdb00b71f1a2fc5.jpg,1736967981125,64,731,5,-1
1894283923,四蛋都怕wo,https://i1.hdslb.com/bfs/face/f406705b5cdbcf3e91511924f67404cfd480cd03.jpg,1736968189526,7716,1363891,6,-1
12074560,二狗App-上海青年交友,https://i1.hdslb.com/bfs/face/51307c0045a9b382df039d6d1d3eb06b398ab9da.jpg,1736968189562,8940,338157,4,-1
141641752,养老运营大苗子,https://i1.hdslb.com/bfs/face/eca2a453901db45ff1334342677eb513d9d3cb21.jpg,1736968189618,24728,1014857,6,-1
1051456456,章夏Sean,https://i1.hdslb.com/bfs/face/c588b8ea58a7c0aa0cb8c3af74829d3abe78483e.jpg,1736968189664,159717,501244,6,-1
3546715999176917,超头条,https://i2.hdslb.com/bfs/face/fa791b0a752417d423fc35789a0ea248f0a37528.jpg,1736968189719,64,2398,2,1
3546715999176917,超头条,https://i2.hdslb.com/bfs/face/fa791b0a752417d423fc35789a0ea248f0a37528.jpg,1736968189783,64,2398,2,1
3546715999176917,超头条,https://i2.hdslb.com/bfs/face/fa791b0a752417d423fc35789a0ea248f0a37528.jpg,1736968189861,64,2398,2,1
3546715999176917,超头条,https://i2.hdslb.com/bfs/face/fa791b0a752417d423fc35789a0ea248f0a37528.jpg,1736968189909,64,2398,2,1
3546715999176917,超头条,https://i2.hdslb.com/bfs/face/fa791b0a752417d423fc35789a0ea248f0a37528.jpg,1736968189963,64,2398,2,1
1257954297,铁锤观察室,https://i0.hdslb.com/bfs/face/7aa45e7c130972bf97652738e10da8074de1bfd4.jpg,1736968227974,903114,5399056,6,-1
3546661261413240,饺饺仔阿,https://i0.hdslb.com/bfs/face/c6a697567393539cf76157664c0e3042dbae3c95.jpg,1736968228004,28,2744,2,-1
3546715999176917,超头条,https://i2.hdslb.com/bfs/face/fa791b0a752417d423fc35789a0ea248f0a37528.jpg,1736968228044,64,2398,2,1
3546555772569789,绝望是希望她妈,https://i0.hdslb.com/bfs/face/de737cd746a96742c07ced6c213aa25cf0429d90.jpg,1736968228080,5,17,3,-1
171624263,少天小茶馆,https://i2.hdslb.com/bfs/face/1637fb15c58cb27312f73f43ec7f82b4800ab0fc.jpg,1736968228126,4,223,4,-1
3546581580122806,AliAbdaal,https://i1.hdslb.com/bfs/face/9c10df55339f47618d859661c591897d9baf873c.jpg,1736968744123,276827,389150,6,0
43707221,4A广告提案网,https://i2.hdslb.com/bfs/face/db00c1733a7c3e90eb605232e33baafee237dbcb.jpg,1736968744165,1039160,30282575,6,-1
3546641061644647,畔森屋被动房,https://i1.hdslb.com/bfs/face/97bf207e3cfba59c9c2ce90ba243adc162ec9264.jpg,1736968744238,1,55,0,-1
3546592820857371,溿森屋被动房,https://i0.hdslb.com/bfs/face/0f906c2d74fc784fb82ac7165474dd38dc0af0b5.jpg,1736968744295,20,171,2,-1
3546730912025417,诸葛青枫-潮妈切片版,https://i2.hdslb.com/bfs/face/59e89b240d6d94c96dea7c9a36aeace108fb85dc.jpg,1736968744338,593,27632,3,-1
496070561,李船长笔记,https://i2.hdslb.com/bfs/face/a8e7d6d176c22092c1b9722023d5f61c3c27811f.jpg,1736968744409,347434,2354494,6,0
1685024055,star星视频,https://i0.hdslb.com/bfs/face/f1f7dca9254a7cbe8015d64b78091ddfeada43f1.jpg,1736968744460,301733,99730030,6,1
473495962,腾讯新闻,https://i1.hdslb.com/bfs/face/b8f12a6599db32c6660a2bc3dab920d1bd89c008.jpg,1736968744517,175508,17386423,6,1
473749310,财联社CC新闻,https://i2.hdslb.com/bfs/face/43db7855633ad95a158b51e5f18591e5c650ee4c.jpg,1736968744574,94627,5673188,6,1
167527998,云南网官方视频,https://i0.hdslb.com/bfs/face/ee4007ea06fed8fcc30629e64681c5ead00bbc27.jpg,1736968744635,31426,2927785,6,1
77336768,purifiedli,http://i2.hdslb.com/bfs/face/d8b9f216f5ecfea33b9889f4b85fdfb3875178c4.jpg,1736968815955,2,5,5,-1
369276921,师傅肘子,https://i0.hdslb.com/bfs/face/62598fbf39c6889097193ba2d284f24a7ccceb0b.jpg,1736968815988,47643,186042,6,-1
3546734393297443,小熊毕业啦,https://i1.hdslb.com/bfs/face/1f8f2a0cd642f2382df09af37e5cfaf2ca34f16e.jpg,1736968822978,112,622,2,-1
692270048,易考吧,https://i2.hdslb.com/bfs/face/22fd579f5d87a00ab61a0d3e819528b5f25c01b2.jpg,1736968822991,906,827,4,-1
3546719419632586,事已至此下班吧,https://i1.hdslb.com/bfs/face/e2851fff2ce767f7f71ca31dfa34df552cd3a398.jpg,1736968829171,76,5044,2,-1
399547025,小文老师努力吖,https://i2.hdslb.com/bfs/face/8c01b9e6bf8f15e9aa2a4f04ae873954adaea5b3.jpg,1736968833699,18379,13999,5,-1
1321920893,爆爆的计划本,https://i2.hdslb.com/bfs/face/2eb6ff4036c972b46bc7382a9340ace1feea1eac.jpg,1736968833724,469706,891727,6,0
32977543,AleRenSa,https://i1.hdslb.com/bfs/face/6e0dfb4cc69b6561b69965699c462c3970657d4a.jpg,1736968833780,687,10371,6,-1
1346600634,__幂的健身随拍,https://i0.hdslb.com/bfs/face/b34c34b567e4721854dee964fd936741beb89f4e.png,1736968843813,12,97,5,-1
12348650,苍崎青子的苍崎,https://i2.hdslb.com/bfs/face/d421798a11cd1415caf364d638f2da795964489b.jpg,1736968843838,72,738,6,-1
514721624,文总士大夫,https://i2.hdslb.com/bfs/face/3dd54450f8a65de50f0506fe29865fe0ba13fba0.jpg,1736968843894,191,5704,5,-1
2057655323,河南卫视,https://i2.hdslb.com/bfs/face/21abe5b8d4699d47075b2a1605de74349217c8e2.jpg,1736968865303,698593,14876030,6,1
3546760670611820,老冯说细胞,https://i2.hdslb.com/bfs/face/3e2b7c582d98e4d350a67c4680b77a79849ea72b.jpg,1736968865326,1,8,0,-1
1152150487,河南春晚官方,https://i1.hdslb.com/bfs/face/245dbe04f76200df928dae2a4ebbca22980d1be6.jpg,1736968865380,457305,6197810,6,1
602260708,马勇老师讲会计,https://i1.hdslb.com/bfs/face/e49f7491e9c889645b21f97cb4100c3ab7135187.jpg,1736968873276,166630,128993,5,1
702284824,天际wanderer,https://i1.hdslb.com/bfs/face/2bb531e21f3ea8b0a847b0f61fadf18ef673fb68.jpg,1736968876472,2,9,4,-1
324095648,玉米玉米玉米米啊哈哈,https://i2.hdslb.com/bfs/face/44f446cf2f14ced9c5d6a0643f2731da665d8cd8.jpg,1736968879344,0,4,5,-1
3546751139056125,椰奶的花果山,https://i0.hdslb.com/bfs/face/f79cf03c58545df54a5978d0de65b963601465e6.jpg,1736968879383,269,1345,2,-1
3546586743310931,是兔叽不是秃叽,https://i2.hdslb.com/bfs/face/153bfcd2ec3a77b830991989d3b14d47a7f2aa10.jpg,1736968883504,2251,57485,4,-1
3493108912229163,蔡数控机床生产与改造,https://i0.hdslb.com/bfs/face/3738a12950ce63e20ecfe33547c03243c4ed7f5c.jpg,1736968883538,184,1969,3,-1
432760736,樊登读书-现帆书APP,https://i2.hdslb.com/bfs/face/f3464e7e494a8c47f1e960fc9959fe13be473b2a.jpg,1736968893705,466811,457942,6,1
3546375436372706,家电智能生活助手,https://i2.hdslb.com/bfs/face/6e5d5df5fdb40fed58581c9573344bc8ab16e806.jpg,1736968893721,1110,4838,3,-1
2014952212,剧好看鸭J,https://i1.hdslb.com/bfs/face/b62cdf1a224e431adbfaee19905b106c099c7fec.jpg,1736968898512,18737,13878983,6,-1
317488992,SCDPS,https://i0.hdslb.com/bfs/face/ed9f4471d84d1ddf73fe85282ee54972c2a26515.jpg,1736968898532,16360,403765,6,-1
3546772488063773,meme的万花筒,https://i2.hdslb.com/bfs/face/caf3af130433807e26e13562786a30fae8085482.jpg,1736968921848,230,1137,2,-1
651830903,对保险感兴趣的兔兔酱,https://i2.hdslb.com/bfs/face/403b7dcc9230951d9855ebb40eaa0eb375261e4a.jpg,1736968921878,9,17,0,-1
7380297,Capt飞天哈基米,https://i0.hdslb.com/bfs/face/dc3f61664bb95ae388ac206c01ef83adb1a96c3f.jpg,1736968921922,145,657,4,-1
1183670952,设计师小田,https://i0.hdslb.com/bfs/face/ee028cc552a52d9ec46fdea5488fed61dcc7bf5d.jpg,1736968921956,59576,524629,5,-1
397513680,帮帮团V直播,https://i0.hdslb.com/bfs/face/3e92d50ebbfc23f68563e79f226dfc49c7325dd8.jpg,1736968931192,62316,13350846,6,1
7595817,Wen_33,https://i0.hdslb.com/bfs/face/881923c4361420ac26dcb9bab779e2e575cac053.jpg,1736968931221,8778,1201328,6,-1
12058467,不要跷二郎腿ee,https://i0.hdslb.com/bfs/face/036810729628de16f639a1bf5c798f29efe4d8cf.jpg,1736968936629,3,19,5,-1
3546611575687412,小白小白208,https://i2.hdslb.com/bfs/face/6d00b22b1f2fb5cf69103d653330b44d1db39614.jpg,1736968936660,236,1559,2,-1
3546643412551999,熊猫潘达儿,https://i1.hdslb.com/bfs/face/fd0544166e6cdeb0a47d1ed5cd8e2d1ae9cee4db.jpg,1736968936707,263,20795,2,-1
607200543,泰康人寿B站办事处,https://i0.hdslb.com/bfs/face/8c29b664529ce16cb6d6058958b33835b00bb928.jpg,1736968941857,43488,121212,5,1
143984088,半度16,https://i0.hdslb.com/bfs/face/5b3be332e7a888b2231fc44406b49dd2d418865b.jpg,1736968981081,27495,64270,6,-1
4365665,尝尝大家伙,https://i2.hdslb.com/bfs/face/58bc986029003c16642850bf3255d5e08e7503b5.jpg,1736968986188,1684,18158,6,-1
103463267,萌三圈圈圈,https://i2.hdslb.com/bfs/face/b6cfcd5de9417c5e0a939de378fdd7fa78db7e30.jpg,1736968986223,643,7837,6,-1
320474048,腿部力量之王,https://i2.hdslb.com/bfs/face/72996786585c20d9bb0f2c4c5bb2407e4ddb16bd.jpg,1736968986273,5582,214422,5,-1
395952599,一名普通的打工人2025,https://i2.hdslb.com/bfs/face/12afe53028512c2e87270856232ebb4f88093155.jpg,1736968995607,37524,2255087,6,-1
3546780123793526,壹拾壹加1,https://i2.hdslb.com/bfs/face/5cdf09bf04d3dd4984834a95fe1d6efb67f08e05.jpg,1736968995657,2267,31132,3,-1
1400384342,整点看电影,https://i2.hdslb.com/bfs/face/4b873836172b5c2d5ca748f730d6a454eb7da6cd.jpg,1736968995727,19852,1821106,6,-1
397513680,帮帮团V直播,https://i0.hdslb.com/bfs/face/3e92d50ebbfc23f68563e79f226dfc49c7325dd8.jpg,1736968995795,62316,13350847,6,1
3546696382417866,倍生植发_杨晓,https://i0.hdslb.com/bfs/face/c2816ca1c8b8225d5a5ce33a728631ad1b5dcfd9.jpg,1736969078529,4,44,2,-1
3546687136073951,大头鹰-治疗回放,https://i2.hdslb.com/bfs/face/815ff29389f3940381c042966a593c404bee587e.jpg,1736969082338,3392,169642,4,-1
387390529,社会价值生存法则,https://i1.hdslb.com/bfs/face/929d47989d70018b81f56241f09ad9e072a3721a.jpg,1736969082391,3,37,5,-1
3546732155635841,Laura的英语小屋,https://i2.hdslb.com/bfs/face/26a7b4469cc25b77ece23d093266ad8c98237dfb.jpg,1736969082445,66,1153,2,-1
3537107045845779,路达公考,https://i0.hdslb.com/bfs/face/5c26ce2c5259bc2aa24c6d8d3662af79dc1596d6.jpg,1736969087937,109,231,3,-1
638172632,搜狐新闻,http://i2.hdslb.com/bfs/face/fa45e50b131f3450d015fe77511bb09797cb2239.jpg,1736969090444,111511,24810083,6,1
3546375847414222,谋谋人民,https://i1.hdslb.com/bfs/face/cf1ef9c2045e317dfe6dbe8659b6f7a69c7572d5.jpg,1736969100629,20,133,2,-1
2971602,韦大虫看世界,https://i0.hdslb.com/bfs/face/88a149f29d9c887e0f59cc40f5cdcbb568fdd7b9.jpg,1736969100653,2577,9568,6,-1
198262449,AYA阿岩,http://i0.hdslb.com/bfs/face/90bab02e10cb64cb4a5373ea09cb03bba7936610.jpg,1736969100721,90,4421,6,-1
2115124713,徐宫1988,https://i0.hdslb.com/bfs/face/member/noface.jpg,1736969100775,327,6016,5,-1
443158718,刘刚实名注册,https://i2.hdslb.com/bfs/face/a0c3aaa67065f5de3afb9adc8be8a27b1600e76f.jpg,1736969105763,142,1765,5,-1
3546761190705422,嗨营养早餐,https://i2.hdslb.com/bfs/face/230308787f131c6cf93aecd8a0bc5e4ace651e48.jpg,1736969115197,3,79,2,-1
3546761190705422,嗨营养早餐,https://i2.hdslb.com/bfs/face/230308787f131c6cf93aecd8a0bc5e4ace651e48.jpg,1736969115241,3,79,2,-1
2144464488,掌闻视讯,https://i0.hdslb.com/bfs/face/9fd347c72caca1ad5bc5d0f519209d5f0d286dd7.jpg,1736969115314,45823,16780669,6,1
104092224,中新视频,https://i0.hdslb.com/bfs/face/c8db7e40faacae4a8d51c6ddbedd401e92e3a265.jpg,1736969115375,304099,45607569,6,1
343289809,动静新闻,https://i1.hdslb.com/bfs/face/8954b19a995c77efd8b9cf6a8d0465cd11717761.jpg,1736969115439,29849,12964199,6,1
473495962,腾讯新闻,https://i1.hdslb.com/bfs/face/b8f12a6599db32c6660a2bc3dab920d1bd89c008.jpg,1736969115487,175509,17386465,6,1
434967552,华商报,https://i0.hdslb.com/bfs/face/a2ba15d7c897d9514ef612b559dbb269672b3070.jpg,1736969115544,96448,34225817,6,1
515732368,糖果说保险,https://i1.hdslb.com/bfs/face/31680313d27af5ce58cb25adae468ff158e6987f.jpg,1736969186586,24,71,2,-1
3546669656311953,大白科技评论,https://i0.hdslb.com/bfs/face/f6e2d86e1ec8e20440b5398b2804abc4e7a7152f.jpg,1736969190252,60204,193428,3,-1
2118847355,千头绪,https://i2.hdslb.com/bfs/face/352f6e91cfdbd6ab592faede92f598c534891860.jpg,1736969190285,794,5044,4,-1
3493135325857823,一建二建万题库,https://i2.hdslb.com/bfs/face/c6dd3d57e32a6916db69acc811095d5449432f6a.jpg,1736969196688,112,95,3,-1
620974362,海事前锋,https://i0.hdslb.com/bfs/face/76c62a97605c5cf33d2d618ef46736b3303245b5.jpg,1736969196724,2567,53230,4,-1
1219190836,啊是卷云呀,https://i1.hdslb.com/bfs/face/4639aecc0067d8336605bc9ec91f6f86a3e05257.jpg,1736969202648,39569,54338,5,-1
6250993,看看新闻Knews,https://i1.hdslb.com/bfs/face/79fe6ed562aa91a77abb2c32f8183319deea2f6f.jpg,1736969202682,308247,28148078,6,1
3494379035560796,优法盾,https://i2.hdslb.com/bfs/face/7e844017486c517c1290b9351604f3179b43cb61.jpg,1736969210337,6,152,3,-1
1372839036,星华面试,https://i0.hdslb.com/bfs/face/059e74d5c9cf933cb37ac5f47b0c9943b7cef052.jpg,1736969210373,10228,21076,4,-1
638172632,搜狐新闻,http://i2.hdslb.com/bfs/face/fa45e50b131f3450d015fe77511bb09797cb2239.jpg,1736969210439,111511,24810092,6,1
2115672718,薛定谔的饱嗝,https://i1.hdslb.com/bfs/face/2018cede1766f47f2326b0ff7b29a72c7c0d8b35.jpg,1736969380050,154,15654,5,-1
472831998,阿健的健身房,https://i0.hdslb.com/bfs/face/c91e29d7950038ee1c6c6213ebe6c21fc1c9f440.jpg,1736969380104,889,128845,5,-1
73226127,rbwa776542,https://i0.hdslb.com/bfs/face/a4213d616e389cf46a54392a2c0fa8a85a65d25d.jpg,1736969380175,0,53,2,-1
343289809,动静新闻,https://i1.hdslb.com/bfs/face/8954b19a995c77efd8b9cf6a8d0465cd11717761.jpg,1736969380236,29850,12964305,6,1
543907249,墩别,https://i1.hdslb.com/bfs/face/64d5a92ee822386c28003ae41e5ecb81eae1f6fc.jpg,1736969395275,61,6633,3,-1
2144464488,掌闻视讯,https://i0.hdslb.com/bfs/face/9fd347c72caca1ad5bc5d0f519209d5f0d286dd7.jpg,1736969395296,45823,16780684,6,1
3546638125632203,尚学宁波,https://i2.hdslb.com/bfs/face/de7c1eb6068087a1ff938ca063fa9cf73eb1f533.jpg,1736969451751,10,40,2,1
3494373054482491,科学盈利乔掌门,https://i1.hdslb.com/bfs/face/dd678150b1369ef8b7eda404fc5787c19e9f7e0b.jpg,1736969451772,1,18,0,-1
509204061,百一之选,https://i0.hdslb.com/bfs/face/98c1bf6f4da9417da84e608a817e8957a0ca3450.jpg,1736969457800,18,603,4,-1
1981879400,九夏的修真阁,https://i2.hdslb.com/bfs/face/08bf0631e8fff538efaaad4be64d25ff852e9ca0.jpg,1736969457823,4596,241383,5,-1
354077280,1818黄金眼,https://i0.hdslb.com/bfs/face/30f3ff3f2af66abbbcc6a93c8b65e7886d33b88c.jpg,1736969463299,846387,13852843,6,1
354077280,1818黄金眼,https://i0.hdslb.com/bfs/face/30f3ff3f2af66abbbcc6a93c8b65e7886d33b88c.jpg,1736969463339,846387,13852843,6,1
1580234395,游菜发,https://i1.hdslb.com/bfs/face/57ea27294ceeae397e6bce43e9bf5ccbe534136e.jpg,1736969463402,15,238,4,-1
3546789307222712,最有种的张伟1,https://i2.hdslb.com/bfs/face/72dd0103dd3de3c6f994f598da71f470f05dfe54.jpg,1736969491434,0,7,2,-1
99539656,黄少天De垃圾话,https://i1.hdslb.com/bfs/face/ffea7d0a9813e57eba944eb2b037f32d746aec3c.jpg,1736969491464,87,8279,6,-1
31283043,网易新闻,https://i0.hdslb.com/bfs/face/1001e654ca19370dc4ada7e3348c8fa77756373d.jpg,1736969498972,579061,30170475,6,1
3493117189688149,关关的流星拳,https://i1.hdslb.com/bfs/face/ee55bff72fb31bbf8afba7e4ca36daac82b1a405.jpg,1736969559847,2453,7924,2,-1
477163210,猪头遇见小老虎,https://i1.hdslb.com/bfs/face/dbb15b392fa4db4e750a7f0a17f7cab0eef448ed.jpg,1736969563132,991,50975,5,-1
1398891388,PiPiM娱乐,https://i1.hdslb.com/bfs/face/5b1af1b85ddd77de444dcb683fbacc227e0122f9.jpg,1736969566166,2109,177221,3,-1
3546378636626044,贾斯汀比汀,https://i1.hdslb.com/bfs/face/084dc5c5d9c09c86b8714dc152b2ca53685b9e41.jpg,1736969569872,99615,1118008,5,-1
511337328,天高云淡SES,https://i0.hdslb.com/bfs/face/eba312dc17b7e20355dddbef50c802461c378f1c.jpg,1736969569910,21,247,5,-1
367418757,青椿一袋,https://i0.hdslb.com/bfs/face/57e24b4c1b1468279e709ffd909b6958aa40d264.jpg,1736969574523,52314,1113689,6,-1
397513680,帮帮团V直播,https://i0.hdslb.com/bfs/face/3e92d50ebbfc23f68563e79f226dfc49c7325dd8.jpg,1736969574550,62316,13350859,6,1
3493122168326421,美丽浙江,https://i0.hdslb.com/bfs/face/4b5ee921b1dcf5ff27762a3bea0c93ed720f472c.jpg,1736969574606,78259,28343755,6,1
1323068580,Jeff裙角飞扬Godfrey,https://i0.hdslb.com/bfs/face/45ddca50f4b40f9cb38a264197e8d346e46cf77a.jpg,1736969625932,47,738,3,-1
434967552,华商报,https://i0.hdslb.com/bfs/face/a2ba15d7c897d9514ef612b559dbb269672b3070.jpg,1736969625965,96448,34225819,6,1
1819800385,正哥说,https://i1.hdslb.com/bfs/face/eb21273b4d0f3d8caa7d2f00109780b1b0e6494d.jpg,1736969645798,2912,194008,5,-1
1269046517,张会长聊一聊,https://i2.hdslb.com/bfs/face/02f2e8c50c17dbfd9c473028f4c622aaa1b821f7.jpg,1736969649708,120,376,2,-1
511088078,温蕾莉,https://i2.hdslb.com/bfs/face/4ef852f1ba028be0d3aa24ff66719051756422db.jpg,1736969654268,13,35,3,-1
3546780788591553,愿许星宸月,https://i0.hdslb.com/bfs/face/bc2b50100cd777dda66938a8301abd72fa76ff49.jpg,1736969654287,2,46,0,-1
3546571970972306,希妈理财规划,https://i2.hdslb.com/bfs/face/e69a6e3432ab78d74c9721cf22a0bc65fd661045.jpg,1736969654338,1202,2040,2,-1
1694850715,数字财经智库,https://i1.hdslb.com/bfs/face/64888e8724039a1f8eaf0810df4da836ebc0516e.jpg,1736969661394,1009,28525,0,-1
3493288646544112,失眠妥芮朵_Toreador,https://i1.hdslb.com/bfs/face/6d0312cc9398cd20dd2a599341ead06526465fdb.jpg,1736969661436,27561,251585,6,0
497987732,川观新闻,https://i2.hdslb.com/bfs/face/28f8c848dadafaa130ff102bafd0143b2286e9a9.jpg,1736969661490,134734,32321133,6,1
97152899,小福大人很狗,https://i2.hdslb.com/bfs/face/cd851f4b9a11914da7513a3d130d9a66e07e4eae.jpg,1736969702717,498,6324,5,-1
646634795,蟹蟹里里,https://i2.hdslb.com/bfs/face/8f570eaf46f4e91b2ba8b094a16b1cfeb9ea2578.jpg,1736969702767,37,119,0,-1
3546704018147416,呜啦啦下雨啦123,https://i1.hdslb.com/bfs/face/c88ac054d0a5721993be2127cb36b73f10c10b7d.jpg,1736969706865,6832,3329623,5,-1
1586300821,想明媚少落泪5,https://i1.hdslb.com/bfs/face/52b022d7bcf4113d451ef6ba0c54e9c6f490e794.jpg,1736969711870,4,31,2,-1
548054048,愚蠢的墨墨,https://i2.hdslb.com/bfs/face/992aa99ace8a58a923acdb9f5b2c93486d288c0c.jpg,1736969711899,1090,6460,5,-1
549748944,海客新闻,https://i0.hdslb.com/bfs/face/cc3f7d8a0625862e971ba67ab1b5a9d06e7d8c91.jpg,1736969711968,57352,11073598,6,1
443741010,斯方知有,https://i0.hdslb.com/bfs/face/3235fedcc61cf69cd940b2329db5d6ee61cf863c.jpg,1736969712016,637,17170,6,-1
10330740,观察者网,https://i0.hdslb.com/bfs/face/3d0dba3789065512f5217387ab135a093ae10c45.jpg,1736969712061,7378771,455646509,6,1
1847168535,知识学爆_DZ,https://i0.hdslb.com/bfs/face/bc6e0cdf66e160074c01787c36e77c2419f197be.jpg,1736969850056,143,51430,3,-1
287172896,营养师黑皮,https://i2.hdslb.com/bfs/face/5a1b8661064e8a6c24f6a21e51624af0f86a15e2.jpg,1736969853416,30531,69618,5,-1
3494374310677287,临石公,https://i0.hdslb.com/bfs/face/3fdc3695199b1c1563991b1f6d90dd41c4a26762.jpg,1736969859680,2,25,2,-1
10303206,环球时报,https://i0.hdslb.com/bfs/face/c8a2502a53adf1b6d309171e15c167e73beaad44.jpg,1736969859716,1893122,39509075,6,1
290436216,木の葉景天,https://i0.hdslb.com/bfs/face/d808160804ad7e5ff7bed1ccc57970d16dfcaa13.jpg,1736969981366,28121,1449181,6,-1
72133640,三九再来,https://i2.hdslb.com/bfs/face/d9bc7786ac0889dbb1a214686ae5dbfdd686cd81.jpg,1736969984850,7,21,4,-1
3493283661613094,山居听雨轩,https://i2.hdslb.com/bfs/face/04fc9fb7fa8d35e1b82273d93839097c440b013b.jpg,1736969989006,1831,9972,3,-1
3493081238210818,派派探影,https://i1.hdslb.com/bfs/face/a4fb92c1a087d15a73fba0343de182c633703cb1.jpg,1736969989031,96,1592,2,-1
476052463,黎叔在加班,https://i1.hdslb.com/bfs/face/dac91ff908e2cb45feb30673c8c48a3af45fcf4a.jpg,1736969989089,5570,136607,5,-1
627697983,九地散人,https://i0.hdslb.com/bfs/face/1fa45bf9c5c095d24c0ec8fb90881f489781c6a9.jpg,1736969994478,1,22,0,-1
517250746,迪姐说养老,https://i1.hdslb.com/bfs/face/71c58e5ee6ed5108a1c9817597bca7bee7075fe4.jpg,1736969997531,0,4,2,-1
241877695,最强触手系,http://i1.hdslb.com/bfs/face/609f228b739d53e2370883048989c0a267523f15.jpg,1736970000862,112,1272,6,-1
2129035785,时倾芽,https://i0.hdslb.com/bfs/face/24a59dd21ca3e082cdf85131880c6acaf2b31694.jpg,1736970008095,8010,3468917,6,-1
3546730899441849,海霞乐无忧,https://i0.hdslb.com/bfs/face/3ac9fae33bc1c55395fa9a7fb75be40b3320830e.jpg,1736970008115,12,147,0,-1
616845423,博杰旅行记,https://i0.hdslb.com/bfs/face/2716d4c3a5962c8f740e7ff8cb1c6976e43e45bd.jpg,1736970014548,4465,49626,4,-1
3546555822901280,昵昵不会飞,https://i2.hdslb.com/bfs/face/379c23f2c3fdeebdd37a99a5313a987f3776f769.jpg,1736970014580,217,16713,2,-1
497987732,川观新闻,https://i2.hdslb.com/bfs/face/28f8c848dadafaa130ff102bafd0143b2286e9a9.jpg,1736970014634,134734,32321185,6,1
343289809,动静新闻,https://i1.hdslb.com/bfs/face/8954b19a995c77efd8b9cf6a8d0465cd11717761.jpg,1736970014684,29850,12964565,6,1
1860172483,汤莉-健康管理专家,https://i1.hdslb.com/bfs/face/c7fc419163f0793217202af47f1125d40bc68eb5.jpg,1736970025409,51,826,3,-1
133737691,蓝盟IT外包,https://i1.hdslb.com/bfs/face/22752740f1f9bc8124d38bdd89780282f363bb8c.jpg,1736970025429,14,40,2,-1
3546635726490127,bili_3546635726490127,https://i1.hdslb.com/bfs/face/2d20cb6c1be6f30dc8a5708752ca0abf9650cb6c.jpg,1736970025484,20,147,0,-1
12191284,城市研究所,https://i1.hdslb.com/bfs/face/9087f28d910a3038662cdcc22bbdd59d7aa5e82e.jpg,1736970031346,4049,36971,5,-1
625051361,田柳观察,https://i2.hdslb.com/bfs/face/c06d1654b4f20650981dd29bf6454518fb78d878.jpg,1736970035918,88521,1021896,6,0
1251210938,瞩望云霄,https://i2.hdslb.com/bfs/face/fdc14fb759df50ef8135d83912937eeb3438db22.jpg,1736970035958,139069,3803456,6,0
238829541,周soso,http://i0.hdslb.com/bfs/face/709b33df7ff46efb552df570f40b8f63cd358e84.jpg,1736970047823,853,901,3,-1
3546678894266459,小融融的戏精小队,https://i2.hdslb.com/bfs/face/7f414e6bbe9027f162978456795643d30586fc7f.jpg,1736970053406,15,124,2,-1
3546690946599298,青木社,https://i1.hdslb.com/bfs/face/92eb20e6b3c5ce45be1df0f3be8d8b56d1acd48f.jpg,1736970053429,179,9016,3,-1
517250746,迪姐说养老,https://i1.hdslb.com/bfs/face/71c58e5ee6ed5108a1c9817597bca7bee7075fe4.jpg,1736970053462,0,4,2,-1
703004864,金中智慧软件工厂,https://i2.hdslb.com/bfs/face/80fb813a3cf3dddc525a84961dc5299b39645743.jpg,1736970053533,147,284,2,-1
3546691735128539,金养通养老商学堂,https://i2.hdslb.com/bfs/face/10f0836f358aaebd8339dd683de6f3f6a01186e2.jpg,1736970053579,10,27,2,-1
3546757258545758,高见漫谈,https://i2.hdslb.com/bfs/face/af6988daf26de76330a662b963a9e065223b95da.jpg,1736970062444,40,318,0,-1
483447390,城北大觀,https://i0.hdslb.com/bfs/face/8729a0284d7e2f388b5e4c4b0fedadd3f00e3c86.jpg,1736970066294,2,60,3,-1
291992263,晶晶嘚吧嘚,https://i1.hdslb.com/bfs/face/c2fa7e3df5f5da8337eef9f7f60267ae755b2423.jpg,1736970066329,1255,5773,5,-1
3546704183822928,红祺云灵活用工平台51,https://i0.hdslb.com/bfs/face/d9d016acce31ded84c20fc11eea65207930fc18f.jpg,1736970072302,2,56,0,-1
32014311,快乐五十一,https://i0.hdslb.com/bfs/face/879acedf828cf0b869bf904197b9c7eada7c52fc.jpg,1736970072345,320,6860,4,-1
526235992,凤凰网,https://i1.hdslb.com/bfs/face/d3d58e48cf9de2c0fc633da20d266a96d029a6db.jpg,1736970072399,618008,33652796,6,1
399111486,海报视频,https://i0.hdslb.com/bfs/face/104d835900dbc679770b73d36efe7600a404cfbe.jpg,1736970072447,21399,7056967,6,1
3494381021563112,好好学习新青年,https://i2.hdslb.com/bfs/face/9731691df55309cc0af498f4a2b14d55bcddb29c.jpg,1736970148350,114,1948,2,-1
1678105106,弱弱の小透明,https://i2.hdslb.com/bfs/face/90f8731aaf02119f4b6268c63336be500ecc1ce2.jpg,1736970151252,78423,890312,6,-1
3546683161970905,易简轻办公,https://i1.hdslb.com/bfs/face/f8216697075b4ebf4351bb0a094be32da803af1c.jpg,1736970157538,0,2,0,-1
632940539,青流视频,https://i2.hdslb.com/bfs/face/4ed28b0308834dbf3fff59af65650d287ced2220.jpg,1736970161702,9326,2900391,6,1
9197080,直达达达,https://i1.hdslb.com/bfs/face/790af553f184cce8789a5d7528901858c7dc54c7.jpg,1736970161745,25,2353,6,-1
514721624,文总士大夫,https://i2.hdslb.com/bfs/face/3dd54450f8a65de50f0506fe29865fe0ba13fba0.jpg,1736970161829,191,5704,5,-1
1390829728,第1眼新闻,https://i1.hdslb.com/bfs/face/914ece4841501916565a009b50787ad0a965529e.jpg,1736970179841,85960,42767282,6,1
473495962,腾讯新闻,https://i1.hdslb.com/bfs/face/b8f12a6599db32c6660a2bc3dab920d1bd89c008.jpg,1736970179877,175510,17386589,6,1
497987732,川观新闻,https://i2.hdslb.com/bfs/face/28f8c848dadafaa130ff102bafd0143b2286e9a9.jpg,1736970179938,134735,32321205,6,1
3537104715909319,信息Gap,https://i1.hdslb.com/bfs/face/e663021479f6cfb94d92c4cc7b6f3391f285e8d0.jpg,1736970180002,2470922,4777274,6,0
1131083016,京房社,https://i0.hdslb.com/bfs/face/f1130ab6761d893f83011b28f38491cd0caead4f.jpg,1736970180082,18003,154558,5,-1
2144464488,掌闻视讯,https://i0.hdslb.com/bfs/face/9fd347c72caca1ad5bc5d0f519209d5f0d286dd7.jpg,1736970180136,45822,16780734,6,1
3546389583759764,飞哥观点,https://i2.hdslb.com/bfs/face/d6d6a183b22761d359a721ac439c38a312702427.jpg,1736970180188,93,2628,2,-1
238530500,新联快讯,https://i2.hdslb.com/bfs/face/6c157e461e2fdbf46789770fbd51b9789546feb9.jpg,1736970180251,28,50,4,-1
